game_id,stadium,team_away,team_home,status,crowd,time_start,time_end,time_run,score_away,score_home
20210403HTOB0,잠실,KIA,두산,canceled,nan,,,,nan,nan
20210403LTSK0,문학,롯데,SSG,canceled,nan,,,,nan,nan
20210403LGNC0,창원,LG,NC,canceled,nan,,,,nan,nan
20210403HHKT0,수원,한화,KT,canceled,nan,,,,nan,nan
20210403SSWO0,고척,삼성,키움,finished,1665,13:59,16:43,2:44,1,6
20210404HTOB0,잠실,KIA,두산,finished,2410,13:59,16:59,3:00,1,4
20210404LTSK0,문학,롯데,SSG,finished,2300,13:59,16:57,2:58,3,5
20210404LGNC0,창원,LG,NC,finished,4376,14:01,17:36,3:35,2,1
20210404HHKT0,수원,한화,KT,finished,1956,13:58,17:04,3:06,2,3
20210404SSWO0,고척,삼성,키움,finished,1655,13:59,17:23,3:24,4,7
20210406SSOB0,잠실,삼성,두산,finished,2245,18:29,21:41,3:12,3,6
20210406HHSK0,문학,한화,SSG,finished,2268,18:29,21:24,2:55,1,2
20210406LTNC0,창원,롯데,NC,finished,2327,18:30,22:29,3:59,10,5
20210406LGKT0,수원,LG,KT,finished,1956,18:31,21:11,2:40,3,2
20210406HTWO0,고척,KIA,키움,finished,1614,18:30,22:38,4:08,5,4
20210407SSOB0,잠실,삼성,두산,finished,2142,18:30,21:48,3:18,0,1
20210407HHSK0,문학,한화,SSG,finished,2264,18:29,22:24,3:55,17,0
20210407LTNC0,창원,롯데,NC,finished,2225,18:30,22:04,3:34,6,10
20210407LGKT0,수원,LG,KT,finished,1706,18:30,22:15,3:45,3,7
20210407HTWO0,고척,KIA,키움,finished,1628,18:31,23:21,4:50,8,7
20210408SSOB0,잠실,삼성,두산,finished,2273,18:30,21:38,3:08,6,1
20210408HHSK0,문학,한화,SSG,finished,2278,18:29,21:43,3:14,4,6
20210408LTNC0,창원,롯데,NC,finished,2261,18:30,22:27,3:57,8,4
20210408LGKT0,수원,LG,KT,finished,1605,18:30,21:41,3:11,7,3
20210408HTWO0,고척,KIA,키움,finished,1660,18:30,21:43,3:13,5,3
20210409OBHH0,한밭,두산,한화,finished,1300,18:29,21:15,2:46,0,7
20210409SKLG0,잠실,SSG,LG,finished,2414,18:30,22:21,3:51,5,9
20210409WOLT0,사직,키움,롯데,finished,2364,18:31,21:39,3:08,7,2
20210409KTSS0,대구,KT,삼성,finished,2724,18:31,21:29,2:58,5,7
20210409NCHT0,광주,NC,KIA,finished,3869,18:32,22:05,3:33,10,6
20210410SKLG0,잠실,SSG,LG,finished,2431,14:01,17:32,3:31,4,3
20210410KTSS0,대구,KT,삼성,finished,3813,14:00,17:17,3:17,6,7
20210410OBHH0,한밭,두산,한화,finished,1300,16:59,20:25,3:26,18,1
20210410WOLT0,사직,키움,롯데,finished,2364,16:59,20:11,3:12,0,13
20210410NCHT0,광주,NC,KIA,finished,4114,17:01,19:52,2:51,9,2
20210411OBHH0,한밭,두산,한화,finished,1300,13:59,17:22,3:23,2,3
20210411SKLG0,잠실,SSG,LG,finished,2454,14:00,16:20,2:20,0,1
20210411WOLT0,사직,키움,롯데,finished,2364,13:59,18:43,4:44,3,2
20210411KTSS0,대구,KT,삼성,finished,4658,13:59,17:16,3:17,2,4
20210411NCHT0,광주,NC,KIA,finished,4264,14:00,17:19,3:19,7,3
20210413KTOB0,잠실,KT,두산,finished,1128,18:30,22:04,3:34,8,7
20210413NCSK0,문학,NC,SSG,finished,1632,18:30,21:47,3:17,4,2
20210413HHSS0,대구,한화,삼성,finished,1363,18:29,21:38,3:09,3,4
20210413LTHT0,광주,롯데,KIA,finished,808,18:31,21:43,3:12,8,0
20210413LGWO0,고척,LG,키움,finished,1479,18:31,21:39,3:08,2,8
20210414KTOB0,잠실,KT,두산,finished,1038,18:30,21:46,3:16,1,3
20210414NCSK0,문학,NC,SSG,finished,1571,18:30,21:19,2:49,3,0
20210414HHSS0,대구,한화,삼성,finished,1564,18:30,21:30,3:00,6,2
20210414LTHT0,광주,롯데,KIA,finished,884,18:30,22:34,4:04,2,3
20210414LGWO0,고척,LG,키움,finished,1311,18:30,21:48,3:18,13,2
20210415KTOB0,잠실,KT,두산,finished,1124,18:30,22:09,3:39,8,3
20210415NCSK0,문학,NC,SSG,finished,1539,18:30,21:20,2:50,3,9
20210415HHSS0,대구,한화,삼성,finished,1728,18:30,20:52,2:22,0,4
20210415LTHT0,광주,롯데,KIA,finished,1503,18:31,22:31,4:00,5,10
20210415LGWO0,고척,LG,키움,finished,1354,18:31,21:33,3:02,6,4
20210416OBLG0,잠실,두산,LG,finished,2442,18:31,21:55,3:24,0,1
20210416HTSK0,문학,KIA,SSG,finished,2300,18:29,22:40,4:11,11,6
20210416SSLT0,사직,삼성,롯데,finished,1927,18:30,21:47,3:17,3,9
20210416WOKT0,수원,키움,KT,finished,929,18:30,21:39,3:09,4,8
20210416HHNC0,창원,한화,NC,finished,5061,19:00,22:09,3:09,1,9
20210417HTSK0,문학,KIA,SSG,finished,2300,14:00,17:42,3:42,3,4
20210417OBLG0,잠실,두산,LG,finished,2472,17:00,20:12,3:12,3,1
20210417SSLT0,사직,삼성,롯데,finished,2364,16:59,20:30,3:31,12,0
20210417HHNC0,창원,한화,NC,finished,3495,17:01,20:31,3:30,4,14
20210417WOKT0,수원,키움,KT,finished,1658,17:00,20:39,3:39,5,8
20210418OBLG0,잠실,두산,LG,finished,2472,13:59,17:52,3:53,9,1
20210418HTSK0,문학,KIA,SSG,finished,2300,14:00,17:24,3:24,2,4
20210418SSLT0,사직,삼성,롯데,finished,0,,,,0,0
20210418HHNC0,창원,한화,NC,finished,2632,14:00,17:21,3:21,11,3
20210418WOKT0,수원,키움,KT,finished,1956,13:59,17:11,3:12,2,10
20210420WOHH0,한밭,키움,한화,finished,1003,18:29,21:17,2:48,3,7
20210420HTLG0,잠실,KIA,LG,finished,2453,18:30,22:10,3:40,6,3
20210420OBLT0,사직,두산,롯데,finished,1197,18:28,21:30,3:02,5,10
20210420SKSS0,대구,SSG,삼성,finished,2104,18:29,21:49,3:20,10,7
20210420KTNC0,창원,KT,NC,finished,1229,18:30,21:44,3:14,5,2
20210421WOHH0,한밭,키움,한화,finished,1007,18:30,22:10,3:40,3,4
20210421HTLG0,잠실,KIA,LG,finished,2457,18:30,22:02,3:32,3,7
20210421OBLT0,사직,두산,롯데,finished,1278,18:29,22:12,3:43,9,10
20210421SKSS0,대구,SSG,삼성,finished,2823,18:29,21:57,3:28,4,14
20210421KTNC0,창원,KT,NC,finished,1103,18:31,21:32,3:01,3,4
20210422WOHH0,한밭,키움,한화,finished,1071,18:30,21:54,3:24,8,3
20210422HTLG0,잠실,KIA,LG,finished,2472,18:31,22:48,4:17,3,2
20210422OBLT0,사직,두산,롯데,finished,1686,18:30,21:32,3:02,13,1
20210422SKSS0,대구,SSG,삼성,finished,2636,18:29,22:20,3:51,11,6
20210422KTNC0,창원,KT,NC,finished,1393,18:30,21:38,3:08,11,5
20210423LGHH0,한밭,LG,한화,finished,1300,18:31,21:46,3:15,2,1
20210423NCOB0,잠실,NC,두산,finished,2225,18:30,21:39,3:09,1,5
20210423LTKT0,수원,롯데,KT,finished,1544,18:31,21:30,2:59,10,5
20210423SSHT0,광주,삼성,KIA,finished,1318,18:30,21:16,2:46,1,4
20210423SKWO0,고척,SSG,키움,finished,0,,,,0,0
20210424LGHH0,한밭,LG,한화,finished,1300,14:01,17:58,3:57,5,19
20210424SKWO0,고척,SSG,키움,finished,1638,14:00,17:39,3:39,5,4
20210424NCOB0,잠실,NC,두산,finished,2410,17:00,20:32,3:32,6,9
20210424LTKT0,수원,롯데,KT,finished,0,,,,0,0
20210424SSHT0,광주,삼성,KIA,finished,2808,17:01,20:32,3:31,8,4
20210425LGHH0,한밭,LG,한화,finished,1300,14:00,16:39,2:39,8,0
20210425NCOB0,잠실,NC,두산,finished,2410,14:00,17:01,3:01,10,0
20210425LTKT0,수원,롯데,KT,finished,1956,13:59,18:01,4:02,5,6
20210425SSHT0,광주,삼성,KIA,finished,2749,14:01,17:20,3:19,3,2
20210425SKWO0,고척,SSG,키움,finished,1640,14:00,17:23,3:23,3,4
20210427LTLG0,잠실,롯데,LG,finished,2347,18:30,21:32,3:02,0,4
20210427KTSK0,문학,KT,SSG,finished,1756,18:30,21:58,3:28,14,5
20210427NCSS0,대구,NC,삼성,finished,2528,18:29,21:05,2:36,0,9
20210427HHHT0,광주,한화,KIA,finished,898,18:30,21:39,3:09,3,4
20210427OBWO0,고척,두산,키움,finished,1166,18:29,21:44,3:15,4,5
20210428LTLG0,잠실,롯데,LG,finished,2455,18:30,21:31,3:01,3,0
20210428KTSK0,문학,KT,SSG,finished,1797,18:29,21:32,3:03,2,4
20210428NCSS0,대구,NC,삼성,finished,2130,18:30,21:42,3:12,3,4
20210428HHHT0,광주,한화,KIA,finished,1502,18:30,21:08,2:38,0,4
20210428OBWO0,고척,두산,키움,finished,1213,18:30,23:23,4:53,4,5
20210429LTLG0,잠실,롯데,LG,finished,2472,18:30,21:21,2:51,2,3
20210429KTSK0,문학,KT,SSG,finished,2132,18:29,21:32,3:03,6,1
20210429NCSS0,대구,NC,삼성,finished,2628,18:30,21:27,2:57,9,0
20210429HHHT0,광주,한화,KIA,finished,1478,18:30,22:39,4:09,2,3
20210429OBWO0,고척,두산,키움,finished,1394,18:30,21:30,3:00,15,4
20210430SKOB0,잠실,SSG,두산,finished,2410,18:30,21:31,3:01,4,9
20210430HHLT0,사직,한화,롯데,finished,2271,18:30,22:33,4:03,11,7
20210430LGSS0,대구,LG,삼성,finished,4161,18:30,21:30,3:00,0,4
20210430HTKT0,수원,KIA,KT,finished,1956,18:31,21:32,3:01,3,15
20210430WONC0,창원,키움,NC,finished,1909,19:00,22:34,3:34,4,3
20210501SKOB0,잠실,SSG,두산,finished,2427,17:00,21:43,4:43,5,2
20210501HHLT0,사직,한화,롯데,finished,2351,17:00,20:13,3:13,11,3
20210501LGSS0,대구,LG,삼성,finished,7033,17:00,20:06,3:06,2,8
20210501WONC0,창원,키움,NC,finished,2694,17:00,20:45,3:45,13,9
20210501HTKT0,수원,KIA,KT,finished,1956,17:11,20:13,2:45,0,3
20210502SKOB0,잠실,SSG,두산,finished,2427,14:00,17:26,3:26,5,8
20210502HHLT0,사직,한화,롯데,finished,2364,13:59,17:29,3:30,5,4
20210502LGSS0,대구,LG,삼성,finished,7033,14:01,16:49,2:48,4,6
20210502WONC0,창원,키움,NC,finished,2066,14:00,16:35,2:35,0,5
20210502HTKT0,수원,KIA,KT,finished,1956,14:00,17:04,3:04,2,9
20210504SSHH0,한밭,삼성,한화,canceled,nan,,,,nan,nan
20210504LGOB0,잠실,LG,두산,canceled,nan,,,,nan,nan
20210504HTLT0,사직,KIA,롯데,canceled,nan,,,,nan,nan
20210504SKNC0,창원,SSG,NC,canceled,nan,,,,nan,nan
20210504KTWO0,고척,KT,키움,canceled,nan,,,,nan,nan
20210505SSHH0,한밭,삼성,한화,finished,3900,14:00,17:13,3:13,4,1
20210505LGOB0,잠실,LG,두산,finished,2427,14:00,17:17,3:17,7,4
20210505HTLT0,사직,KIA,롯데,finished,2364,14:00,17:10,3:10,8,5
20210505SKNC0,창원,SSG,NC,finished,4768,14:00,18:25,4:25,13,12
20210505KTWO0,고척,KT,키움,finished,1674,14:00,16:44,2:44,0,14
20210506SSHH0,한밭,삼성,한화,finished,2522,18:29,22:16,3:47,5,6
20210506LGOB0,잠실,LG,두산,finished,2427,18:30,21:42,3:12,7,2
20210506HTLT0,사직,KIA,롯데,finished,2068,18:30,22:26,3:56,9,17
20210506SKNC0,창원,SSG,NC,finished,1980,18:30,21:25,2:55,1,7
20210506KTWO0,고척,KT,키움,finished,957,18:30,21:31,3:01,4,6
20210507HHLG0,잠실,한화,LG,canceled,nan,,,,nan,nan
20210507WOSK0,문학,키움,SSG,canceled,nan,,,,nan,nan
20210507LTSS0,대구,롯데,삼성,finished,5960,18:30,21:08,2:38,1,4
20210507NCKT0,대구,NC,KT,canceled,nan,,,,nan,nan
20210507OBHT0,대구,두산,KIA,canceled,nan,,,,nan,nan
20210508HHLG0,잠실,한화,LG,finished,2441,17:00,20:04,3:04,2,11
20210508WOSK0,문학,키움,SSG,finished,2300,16:59,19:55,2:56,9,2
20210508LTSS0,대구,롯데,삼성,finished,7033,17:00,21:07,4:07,9,8
20210508NCKT0,수원,NC,KT,finished,1566,17:00,20:49,3:49,5,4
20210508OBHT0,광주,두산,KIA,finished,2462,17:01,20:29,3:28,11,5
20210508HHLG1,광주,한화,LG,canceled,nan,,,,nan,nan
20210508WOSK1,광주,키움,SSG,canceled,nan,,,,nan,nan
20210508NCKT1,광주,NC,KT,canceled,nan,,,,nan,nan
20210508OBHT1,광주,두산,KIA,canceled,nan,,,,nan,nan
20210509LTSS0,대구,롯데,삼성,finished,7033,14:00,17:44,3:44,6,8
20210509HHLG1,잠실,한화,LG,finished,2472,14:00,16:58,2:58,1,11
20210509WOSK1,문학,키움,SSG,finished,2300,14:00,16:47,2:47,1,4
20210509NCKT1,수원,NC,KT,finished,1759,13:59,17:34,3:35,16,11
20210509OBHT1,광주,두산,KIA,finished,2646,14:00,17:26,3:26,5,3
20210509HHLG2,잠실,한화,LG,finished,2472,17:28,21:20,3:52,5,4
20210509WOSK2,문학,키움,SSG,finished,2156,17:20,21:08,3:48,3,4
20210509NCKT2,수원,NC,KT,finished,845,18:04,20:51,2:47,5,9
20210509OBHT2,광주,두산,KIA,finished,1142,17:56,21:16,3:20,9,0
20210511NCHH0,한밭,NC,한화,finished,1065,18:30,21:44,3:14,7,2
20210511WOOB0,잠실,키움,두산,finished,1606,18:31,21:45,3:14,2,3
20210511SKLT0,사직,SSG,롯데,finished,1915,18:29,21:53,3:24,7,6
20210511SSKT0,수원,삼성,KT,finished,1646,18:30,22:11,3:41,6,9
20210511LGHT0,광주,LG,KIA,finished,1047,18:30,21:49,3:19,1,7
20210512NCHH0,한밭,NC,한화,finished,1007,18:30,21:48,3:18,6,3
20210512WOOB0,잠실,키움,두산,finished,1628,18:31,21:07,2:36,3,0
20210512SKLT0,사직,SSG,롯데,finished,1529,18:30,21:55,3:25,9,2
20210512SSKT0,수원,삼성,KT,finished,1608,18:29,21:34,3:05,7,5
20210512LGHT0,광주,LG,KIA,finished,1337,18:30,22:03,3:33,3,5
20210513NCHH0,한밭,NC,한화,finished,1103,18:30,22:02,3:32,4,2
20210513WOOB0,잠실,키움,두산,finished,1896,18:31,22:39,4:08,14,13
20210513SKLT0,사직,SSG,롯데,finished,1823,18:29,21:56,3:27,4,5
20210513SSKT0,수원,삼성,KT,finished,1956,18:30,21:43,3:13,4,0
20210513LGHT0,광주,LG,KIA,finished,1168,18:30,21:54,3:24,8,3
20210514SSLG0,잠실,삼성,LG,finished,2472,18:30,21:13,2:43,3,4
20210514OBSK0,문학,두산,SSG,finished,2300,18:29,22:10,3:41,6,3
20210514KTLT0,사직,KT,롯데,finished,1816,18:30,21:38,3:08,9,1
20210514HHWO0,고척,한화,키움,finished,1563,18:30,22:06,3:36,6,1
20210514HTNC0,창원,KIA,NC,finished,2329,19:00,22:25,3:25,2,5
20210515HTNC0,창원,KIA,NC,finished,1590,14:00,17:07,3:07,3,7
20210515HHWO0,고척,한화,키움,finished,1674,14:00,17:20,3:20,1,15
20210515SSLG0,잠실,삼성,LG,finished,2455,17:40,20:55,3:15,4,14
20210515OBSK0,잠실,두산,SSG,canceled,nan,,,,nan,nan
20210515KTLT0,사직,KT,롯데,finished,1365,16:59,20:23,3:24,5,4
20210516SSLG0,잠실,삼성,LG,canceled,nan,,,,nan,nan
20210516KTLT0,사직,KT,롯데,canceled,nan,,,,nan,nan
20210516HTNC0,창원,KIA,NC,canceled,nan,,,,nan,nan
20210516HHWO0,고척,한화,키움,finished,1674,14:00,16:29,2:29,1,5
20210516OBSK0,고척,두산,SSG,canceled,nan,,,,nan,nan
20210516OBSK1,고척,두산,SSG,canceled,nan,,,,nan,nan
20210517SSLG0,잠실,삼성,LG,finished,1975,18:30,21:37,3:07,3,1
20210517OBSK0,문학,두산,SSG,finished,1664,18:30,21:52,3:22,8,3
20210517KTLT0,문학,KT,롯데,canceled,nan,,,,nan,nan
20210517HTNC0,문학,KIA,NC,canceled,nan,,,,nan,nan
20210518LTHH0,한밭,롯데,한화,finished,1927,18:30,21:58,3:28,4,3
20210518NCLG0,잠실,NC,LG,finished,2428,18:30,21:48,3:18,0,1
20210518WOSS0,대구,키움,삼성,finished,4225,18:31,21:57,3:26,15,3
20210518OBKT0,수원,두산,KT,finished,1722,18:31,21:31,3:00,0,1
20210518SKHT0,광주,SSG,KIA,finished,2446,18:29,21:56,3:27,7,5
20210519LTHH0,한밭,롯데,한화,finished,3900,14:00,17:08,3:08,2,12
20210519NCLG0,잠실,NC,LG,finished,2472,14:00,17:40,3:40,5,6
20210519WOSS0,대구,키움,삼성,finished,7033,14:00,17:15,3:15,9,2
20210519OBKT0,수원,두산,KT,finished,1956,13:59,17:10,3:11,5,6
20210519SKHT0,광주,SSG,KIA,finished,3378,13:59,17:48,3:49,11,5
20210520LTHH0,한밭,롯데,한화,canceled,nan,,,,nan,nan
20210520NCLG0,잠실,NC,LG,finished,1929,18:30,21:17,2:47,11,1
20210520WOSS0,잠실,키움,삼성,canceled,nan,,,,nan,nan
20210520OBKT0,잠실,두산,KT,canceled,nan,,,,nan,nan
20210520SKHT0,잠실,SSG,KIA,canceled,nan,,,,nan,nan
20210521KTHH0,한밭,KT,한화,finished,948,18:30,21:45,3:15,0,4
20210521LTOB0,잠실,롯데,두산,finished,2427,18:31,21:26,2:55,9,1
20210521LGSK0,문학,LG,SSG,finished,2300,18:31,22:32,4:01,5,6
20210521HTSS0,대구,KIA,삼성,finished,3495,18:30,21:48,3:18,3,5
20210521NCWO0,고척,NC,키움,finished,1009,18:30,21:17,2:47,0,2
20210522KTHH0,한밭,KT,한화,finished,3103,17:00,19:53,2:53,0,5
20210522LTOB0,잠실,롯데,두산,finished,2427,17:00,20:38,3:38,3,4
20210522LGSK0,문학,LG,SSG,finished,2300,17:00,20:00,3:00,3,8
20210522HTSS0,대구,KIA,삼성,finished,7033,17:00,20:02,3:02,9,4
20210522NCWO0,고척,NC,키움,finished,1674,17:00,20:22,3:22,6,13
20210523KTHH0,한밭,KT,한화,finished,2516,14:00,17:53,3:53,8,1
20210523LTOB0,잠실,롯데,두산,finished,2427,14:00,17:03,3:03,0,4
20210523LGSK0,문학,LG,SSG,finished,2300,14:00,17:02,3:02,0,8
20210523HTSS0,대구,KIA,삼성,finished,6780,14:00,17:25,3:25,5,7
20210523NCWO0,고척,NC,키움,finished,1618,14:00,17:28,3:28,4,7
20210525HHOB0,잠실,한화,두산,canceled,nan,,,,nan,nan
20210525LGLT0,사직,LG,롯데,canceled,nan,,,,nan,nan
20210525SSNC0,창원,삼성,NC,canceled,nan,,,,nan,nan
20210525SKKT0,수원,SSG,KT,canceled,nan,,,,nan,nan
20210525WOHT0,광주,키움,KIA,canceled,nan,,,,nan,nan
20210526HHOB0,잠실,한화,두산,finished,2385,18:30,22:07,3:37,3,9
20210526LGLT0,사직,LG,롯데,finished,1536,18:31,21:42,3:11,5,3
20210526SSNC0,창원,삼성,NC,finished,2199,18:30,21:36,3:06,7,1
20210526SKKT0,수원,SSG,KT,finished,1420,18:31,23:31,5:00,9,5
20210526WOHT0,광주,키움,KIA,finished,1003,18:29,21:02,2:33,2,3
20210527HHOB0,잠실,한화,두산,finished,2085,18:31,21:53,3:22,3,0
20210527LGLT0,사직,LG,롯데,finished,1310,18:30,21:41,3:11,8,1
20210527SSNC0,창원,삼성,NC,finished,1763,18:30,21:43,3:13,3,6
20210527SKKT0,수원,SSG,KT,finished,1141,18:30,22:27,3:57,5,6
20210527WOHT0,광주,키움,KIA,finished,1047,18:29,21:52,3:23,4,5
20210528SKHH0,한밭,SSG,한화,finished,1663,18:30,22:12,3:42,12,3
20210528WOLG0,잠실,키움,LG,finished,2409,18:30,21:32,3:02,1,3
20210528NCLT0,잠실,NC,롯데,canceled,nan,,,,nan,nan
20210528OBSS0,대구,두산,삼성,finished,4027,18:32,21:56,3:24,9,4
20210528KTHT0,광주,KT,KIA,finished,1032,18:29,22:28,3:59,6,7
20210529SKHH0,한밭,SSG,한화,finished,3900,17:00,20:37,3:37,6,2
20210529WOLG0,잠실,키움,LG,finished,2429,17:00,20:51,3:51,7,2
20210529OBSS0,대구,두산,삼성,finished,7033,17:00,20:33,3:33,4,16
20210529KTHT0,광주,KT,KIA,finished,2352,16:59,21:10,4:11,7,5
20210529NCLT1,사직,NC,롯데,finished,1544,13:59,17:28,3:29,10,10
20210529NCLT2,사직,NC,롯데,finished,3527,18:02,21:07,3:05,6,2
20210530SKHH0,한밭,SSG,한화,finished,2987,14:01,17:33,3:32,5,1
20210530WOLG0,잠실,키움,LG,finished,2472,14:00,16:43,2:43,2,8
20210530NCLT0,사직,NC,롯데,finished,2874,14:00,17:49,3:49,5,4
20210530OBSS0,대구,두산,삼성,finished,6500,14:00,17:03,3:03,4,2
20210530KTHT0,광주,KT,KIA,finished,3179,14:00,16:57,2:57,4,3
20210601HTHH0,한밭,KIA,한화,finished,1133,18:30,21:45,3:15,1,9
20210601KTLG0,잠실,KT,LG,finished,1656,18:30,21:21,2:51,8,1
20210601SSSK0,문학,삼성,SSG,finished,2300,18:30,21:02,2:32,0,1
20210601OBNC0,창원,두산,NC,finished,1414,18:30,21:52,3:22,4,3
20210601LTWO0,고척,롯데,키움,finished,1090,18:30,21:27,2:57,3,0
20210602HTHH0,한밭,KIA,한화,finished,1474,18:30,22:02,3:32,5,3
20210602KTLG0,잠실,KT,LG,finished,1820,18:30,21:17,2:47,5,6
20210602SSSK0,문학,삼성,SSG,finished,2300,18:30,22:23,3:53,8,7
20210602OBNC0,창원,두산,NC,finished,1354,18:31,21:54,3:23,5,9
20210602LTWO0,고척,롯데,키움,finished,1048,18:30,21:17,2:47,4,2
20210603HTHH0,한밭,KIA,한화,canceled,nan,,,,nan,nan
20210603KTLG0,잠실,KT,LG,canceled,nan,,,,nan,nan
20210603SSSK0,문학,삼성,SSG,canceled,nan,,,,nan,nan
20210603OBNC0,창원,두산,NC,canceled,nan,,,,nan,nan
20210603LTWO0,고척,롯데,키움,finished,1197,18:30,21:48,3:18,4,9
20210604SKOB0,잠실,SSG,두산,finished,2427,18:31,21:46,3:15,2,3
20210604LTKT0,수원,롯데,KT,finished,1709,18:31,21:37,3:06,15,0
20210604LGHT0,광주,LG,KIA,finished,1230,18:33,22:17,3:44,3,4
20210604SSWO0,고척,삼성,키움,finished,1585,18:30,21:35,3:05,6,3
20210604HHNC0,창원,한화,NC,finished,1742,18:59,22:25,3:26,3,6
20210605SKOB0,잠실,SSG,두산,finished,2427,17:00,20:40,3:40,5,8
20210605HHNC0,창원,한화,NC,finished,3365,17:00,20:07,3:07,1,6
20210605LTKT0,수원,롯데,KT,finished,2000,16:59,19:46,2:47,1,8
20210605LGHT0,광주,LG,KIA,finished,2983,16:59,20:30,3:31,8,2
20210605SSWO0,고척,삼성,키움,finished,1674,17:00,19:54,2:54,2,6
20210606SKOB0,잠실,SSG,두산,finished,2427,17:02,19:56,2:54,4,1
20210606HHNC0,창원,한화,NC,finished,2296,17:01,21:19,4:18,13,10
20210606LTKT0,수원,롯데,KT,finished,2000,17:00,21:19,4:19,8,7
20210606LGHT0,광주,LG,KIA,finished,1807,17:01,19:50,2:49,10,0
20210606SSWO0,고척,삼성,키움,finished,1674,17:00,20:14,3:14,3,1
20210608WOHH0,한밭,키움,한화,finished,936,18:30,21:44,3:14,2,4
20210608NCLG0,잠실,NC,LG,finished,1847,18:30,21:45,3:15,1,2
20210608KTSK0,문학,KT,SSG,finished,1902,18:30,21:30,3:00,4,2
20210608OBLT0,사직,두산,롯데,finished,1285,18:30,22:21,3:51,9,18
20210608HTSS0,대구,KIA,삼성,finished,1241,18:31,21:41,3:10,0,7
20210609WOHH0,한밭,키움,한화,finished,920,18:30,21:38,3:08,6,2
20210609NCLG0,잠실,NC,LG,finished,1736,18:30,22:04,3:34,3,6
20210609KTSK0,문학,KT,SSG,finished,1792,18:31,21:43,3:12,7,3
20210609OBLT0,사직,두산,롯데,finished,1308,18:29,22:07,3:38,14,8
20210609HTSS0,대구,KIA,삼성,finished,1341,18:29,22:19,3:50,7,5
20210610WOHH0,한밭,키움,한화,finished,872,18:30,22:42,2:51,0,1
20210610NCLG0,잠실,NC,LG,finished,1624,18:30,21:31,3:01,6,0
20210610KTSK0,잠실,KT,SSG,canceled,nan,,,,nan,nan
20210610OBLT0,사직,두산,롯데,finished,1422,18:30,21:36,3:06,4,5
20210610HTSS0,대구,KIA,삼성,finished,1597,18:29,21:28,2:59,2,4
20210611OBLG0,잠실,두산,LG,finished,2472,18:30,21:47,3:17,1,3
20210611WOSK0,문학,키움,SSG,finished,2231,18:29,21:38,3:09,6,8
20210611HTLT0,문학,KIA,롯데,canceled,nan,,,,nan,nan
20210611NCSS0,대구,NC,삼성,finished,1233,18:30,21:37,3:07,5,4
20210611HHKT0,수원,한화,KT,finished,1661,18:31,22:58,4:27,5,6
20210612OBLG0,잠실,두산,LG,finished,2472,17:00,20:27,3:27,8,3
20210612WOSK0,문학,키움,SSG,finished,2300,17:00,20:15,3:15,4,5
20210612HTLT0,문학,KIA,롯데,canceled,nan,,,,nan,nan
20210612NCSS0,대구,NC,삼성,finished,2317,17:00,19:47,2:47,1,4
20210612HHKT0,수원,한화,KT,finished,2000,17:00,20:32,3:32,2,7
20210612HTLT1,수원,KIA,롯데,canceled,nan,,,,nan,nan
20210613OBLG0,잠실,두산,LG,finished,2472,17:00,20:43,3:43,0,2
20210613WOSK0,문학,키움,SSG,finished,2300,17:00,19:54,2:54,7,3
20210613NCSS0,대구,NC,삼성,finished,2240,17:00,20:28,3:28,3,5
20210613HHKT0,수원,한화,KT,finished,2000,17:00,20:06,3:06,3,6
20210613HTLT1,사직,KIA,롯데,finished,2119,13:59,17:45,3:46,6,8
20210613HTLT2,사직,KIA,롯데,finished,2284,18:17,21:47,3:30,6,3
20210615LTHH0,한밭,롯데,한화,finished,1067,19:05,22:32,3:27,2,3
20210615SSOB0,잠실,삼성,두산,finished,2706,18:31,22:14,3:43,8,6
20210615KTNC0,잠실,KT,NC,canceled,nan,,,,nan,nan
20210615SKHT0,잠실,SSG,KIA,canceled,nan,,,,nan,nan
20210615LGWO0,고척,LG,키움,finished,1348,18:30,21:59,3:29,4,2
20210616SSOB0,잠실,삼성,두산,finished,3702,18:31,21:29,2:58,5,3
20210616KTNC0,창원,KT,NC,finished,1127,18:31,21:45,3:14,7,3
20210616LGWO0,고척,LG,키움,finished,1445,18:30,21:41,3:11,3,6
20210616LTHH1,한밭,롯데,한화,finished,805,15:00,18:24,3:24,4,9
20210616SKHT1,광주,SSG,KIA,finished,573,15:00,18:06,3:06,10,1
20210616LTHH2,한밭,롯데,한화,finished,1150,18:57,22:18,3:21,3,4
20210616SKHT2,광주,SSG,KIA,finished,916,18:35,21:44,3:09,0,2
20210617LTHH0,한밭,롯데,한화,finished,1078,18:31,22:06,3:35,9,2
20210617SSOB0,잠실,삼성,두산,finished,3258,18:31,21:35,3:04,2,6
20210617KTNC0,창원,KT,NC,finished,1143,18:31,21:32,3:01,1,9
20210617SKHT0,광주,SSG,KIA,finished,925,18:30,21:35,3:05,6,3
20210617LGWO0,고척,LG,키움,finished,1739,18:30,22:05,3:35,6,5
20210618SKHH0,한밭,SSG,한화,finished,1084,18:30,22:48,4:18,3,4
20210618HTLG0,잠실,KIA,LG,finished,4860,18:30,20:46,2:16,0,5
20210618SSLT0,사직,삼성,롯데,finished,1737,18:29,21:13,2:44,4,7
20210618OBKT0,수원,두산,KT,finished,1445,18:30,22:08,3:38,11,3
20210618WONC0,창원,키움,NC,finished,1273,19:00,21:51,2:51,0,5
20210619SKHH0,한밭,SSG,한화,finished,3552,17:00,20:20,3:20,7,5
20210619HTLG0,잠실,KIA,LG,finished,7405,17:00,20:10,3:10,2,7
20210619SSLT0,사직,삼성,롯데,finished,5382,17:00,20:42,3:42,9,1
20210619WONC0,창원,키움,NC,finished,3074,17:00,20:31,3:31,12,7
20210619OBKT1,수원,두산,KT,finished,2274,13:59,16:44,2:45,9,3
20210619OBKT2,수원,두산,KT,finished,2922,17:13,20:37,3:24,3,4
20210620SKHH0,한밭,SSG,한화,finished,2107,17:00,20:21,3:21,4,3
20210620HTLG0,잠실,KIA,LG,finished,6602,17:00,19:43,2:43,0,6
20210620SSLT0,사직,삼성,롯데,finished,3485,17:00,20:32,3:32,7,8
20210620WONC0,창원,키움,NC,finished,2071,17:00,20:23,3:23,8,4
20210620OBKT0,수원,두산,KT,finished,2585,17:00,19:49,2:49,1,4
20210622WOOB0,잠실,키움,두산,finished,1364,18:31,22:23,3:52,3,10
20210622LGSK0,문학,LG,SSG,finished,3625,18:30,21:22,2:46,14,1
20210622NCLT0,사직,NC,롯데,finished,2036,18:31,21:56,3:25,5,2
20210622HHSS0,대구,한화,삼성,finished,2127,18:29,21:22,2:53,0,9
20210622HTKT0,수원,KIA,KT,finished,1668,18:30,21:28,2:58,3,6
20210623WOOB0,잠실,키움,두산,finished,1585,18:31,22:05,3:34,4,3
20210623LGSK0,문학,LG,SSG,finished,3587,18:30,21:40,3:10,4,7
20210623NCLT0,사직,NC,롯데,finished,1705,18:31,22:11,3:40,7,13
20210623HHSS0,대구,한화,삼성,finished,2366,18:29,21:35,3:06,0,3
20210623HTKT0,수원,KIA,KT,finished,1368,19:00,21:59,2:59,2,1
20210624WOOB0,잠실,키움,두산,finished,1773,18:31,22:13,3:42,2,1
20210624LGSK0,문학,LG,SSG,finished,0,,,,0,0
20210624NCLT0,사직,NC,롯데,finished,2197,18:32,21:44,3:12,6,4
20210624HHSS0,대구,한화,삼성,finished,3029,18:30,21:31,3:01,2,3
20210624HTKT0,수원,KIA,KT,finished,1625,18:30,21:40,3:10,3,6
20210625KTHH0,한밭,KT,한화,finished,1123,18:30,20:54,1:34,2,0
20210625LTOB0,잠실,롯데,두산,finished,3558,18:31,21:45,3:14,9,1
20210625LGSS0,잠실,LG,삼성,canceled,nan,,,,nan,nan
20210625HTWO0,고척,KIA,키움,finished,1981,18:30,22:07,3:37,5,14
20210625SKNC0,창원,SSG,NC,finished,2375,19:00,22:39,3:39,10,11
20210626KTHH0,한밭,KT,한화,finished,2241,17:00,20:20,3:20,11,2
20210626LTOB0,잠실,롯데,두산,finished,5297,17:01,20:23,3:22,4,3
20210626SKNC0,창원,SSG,NC,finished,3576,17:00,21:53,4:53,10,10
20210626HTWO0,고척,KIA,키움,finished,3346,17:00,19:45,2:45,1,6
20210626LGSS1,대구,LG,삼성,finished,3445,14:00,17:56,3:56,10,5
20210626LGSS2,대구,LG,삼성,finished,8162,18:27,22:11,3:44,7,10
20210627KTHH0,한밭,KT,한화,finished,1545,17:00,20:06,3:06,11,1
20210627LTOB0,잠실,롯데,두산,finished,4549,17:01,17:26,3:54,7,6
20210627LGSS0,대구,LG,삼성,finished,8007,17:00,20:20,3:20,9,5
20210627SKNC0,창원,SSG,NC,finished,2771,17:00,20:18,3:18,3,4
20210627HTWO0,고척,KIA,키움,finished,2696,17:00,20:14,3:14,4,5
20210629OBHH0,한밭,두산,한화,canceled,nan,,,,nan,nan
20210629KTLG0,잠실,KT,LG,canceled,nan,,,,nan,nan
20210629SSSK0,문학,삼성,SSG,finished,3120,18:30,21:34,3:04,3,10
20210629NCHT0,광주,NC,KIA,finished,746,18:30,21:37,3:07,7,3
20210629LTWO0,고척,롯데,키움,finished,1639,18:30,22:26,3:56,13,5
20210630OBHH0,한밭,두산,한화,finished,1082,19:25,23:24,3:59,8,6
20210630KTLG0,잠실,KT,LG,finished,2851,18:30,21:08,2:38,4,3
20210630NCHT0,잠실,NC,KIA,canceled,nan,,,,nan,nan
20210630LTWO0,고척,롯데,키움,finished,2001,18:30,21:54,3:24,5,6
20210630KTLG1,고척,KT,LG,canceled,nan,,,,nan,nan
20210630SSSK1,문학,삼성,SSG,finished,2481,14:59,18:12,3:13,3,3
20210630SSSK2,문학,삼성,SSG,finished,2886,18:43,21:47,3:04,4,8
20210701OBHH0,한밭,두산,한화,finished,1255,18:30,21:37,3:07,10,3
20210701KTLG0,잠실,KT,LG,finished,2919,18:30,21:21,2:51,6,1
20210701SSSK0,문학,삼성,SSG,finished,3239,18:30,22:20,3:50,8,7
20210701NCHT0,광주,NC,KIA,finished,842,18:30,21:47,3:17,3,6
20210701LTWO0,고척,롯데,키움,finished,2049,18:30,21:49,3:19,1,13
20210702HHLG0,잠실,한화,LG,finished,4589,18:30,21:46,3:16,5,3
20210702LTSK0,문학,롯데,SSG,finished,4529,18:30,22:11,3:41,6,5
20210702WOKT0,수원,키움,KT,finished,1667,18:30,20:57,2:27,1,4
20210702OBHT0,광주,두산,KIA,finished,1391,18:30,21:42,3:12,3,8
20210702SSNC0,창원,삼성,NC,finished,3608,19:00,22:28,3:28,5,2
20210703HHLG0,잠실,한화,LG,canceled,nan,,,,nan,nan
20210703LTSK0,문학,롯데,SSG,canceled,nan,,,,nan,nan
20210703SSNC0,창원,삼성,NC,canceled,nan,,,,nan,nan
20210703WOKT0,수원,키움,KT,canceled,nan,,,,nan,nan
20210703OBHT0,광주,두산,KIA,canceled,nan,,,,nan,nan
20210704HHLG0,잠실,한화,LG,finished,3428,17:00,19:29,2:29,0,5
20210704LTSK0,문학,롯데,SSG,finished,4288,17:00,20:57,3:57,6,4
20210704SSNC0,창원,삼성,NC,finished,3603,17:00,20:02,1:58,5,0
20210704WOKT0,수원,키움,KT,finished,2066,17:01,20:58,3:57,3,12
20210704OBHT0,광주,두산,KIA,finished,1218,17:00,19:58,2:58,3,7
20210705HHLG0,잠실,한화,LG,finished,2075,18:30,22:43,4:13,6,7
20210705LTSK0,문학,롯데,SSG,finished,2473,18:30,21:53,3:23,4,10
20210705SSNC0,문학,삼성,NC,canceled,nan,,,,nan,nan
20210705WOKT0,수원,키움,KT,finished,1015,18:31,21:46,3:15,15,5
20210705OBHT0,수원,두산,KIA,canceled,nan,,,,nan,nan
20210706HTHH0,한밭,KIA,한화,canceled,nan,,,,nan,nan
20210706NCOB0,잠실,NC,두산,finished,1633,18:30,22:02,3:32,7,3
20210706LGLT0,잠실,LG,롯데,canceled,nan,,,,nan,nan
20210706KTSS0,잠실,KT,삼성,canceled,nan,,,,nan,nan
20210706SKWO0,고척,SSG,키움,finished,1549,18:30,21:25,2:55,0,4
20210707HTHH0,한밭,KIA,한화,finished,518,18:30,22:21,3:51,4,1
20210707NCOB0,잠실,NC,두산,finished,924,18:30,21:37,3:07,2,4
20210707LGLT0,잠실,LG,롯데,canceled,nan,,,,nan,nan
20210707KTSS0,잠실,KT,삼성,canceled,nan,,,,nan,nan
20210707SKWO0,고척,SSG,키움,finished,1328,18:30,21:22,2:52,2,8
20210708HTHH0,한밭,KIA,한화,canceled,nan,,,,nan,nan
20210708NCOB0,잠실,NC,두산,canceled,nan,,,,nan,nan
20210708LGLT0,사직,LG,롯데,canceled,nan,,,,nan,nan
20210708KTSS0,대구,KT,삼성,finished,1994,18:30,21:20,2:50,3,2
20210708SKWO0,고척,SSG,키움,finished,1436,18:30,22:04,3:34,9,3
20210709LGOB0,잠실,LG,두산,canceled,nan,,,,nan,nan
20210709HHSK0,문학,한화,SSG,finished,3370,18:30,22:11,3:41,9,3
20210709LTSS0,대구,롯데,삼성,finished,2754,18:30,23:08,4:33,9,5
20210709KTHT0,광주,KT,KIA,finished,1168,18:30,21:42,3:12,4,10
20210709NCWO0,광주,NC,키움,canceled,nan,,,,nan,nan
20210710LGOB0,잠실,LG,두산,canceled,nan,,,,nan,nan
20210710HHSK0,문학,한화,SSG,finished,4747,18:00,21:18,3:18,3,1
20210710LTSS0,대구,롯데,삼성,finished,8207,18:00,22:27,2:35,2,3
20210710KTHT0,대구,KT,KIA,canceled,nan,,,,nan,nan
20210710NCWO0,대구,NC,키움,canceled,nan,,,,nan,nan
20210711LGOB0,잠실,LG,두산,canceled,nan,,,,nan,nan
20210711HHSK0,문학,한화,SSG,finished,3754,16:59,20:05,3:06,2,8
20210711LTSS0,대구,롯데,삼성,finished,5890,17:14,20:11,2:57,0,11
20210711KTHT0,광주,KT,KIA,finished,1546,17:32,20:20,2:48,0,2
20210711NCWO0,광주,NC,키움,canceled,nan,,,,nan,nan
20210713WOLG0,잠실,키움,LG,canceled,nan,,,,nan,nan
20210713OBSK0,문학,두산,SSG,canceled,nan,,,,nan,nan
20210713HHLT0,사직,한화,롯데,canceled,nan,,,,nan,nan
20210713NCKT0,수원,NC,KT,canceled,nan,,,,nan,nan
20210713SSHT0,광주,삼성,KIA,canceled,nan,,,,nan,nan
20210714WOLG0,잠실,키움,LG,canceled,nan,,,,nan,nan
20210714OBSK0,문학,두산,SSG,canceled,nan,,,,nan,nan
20210714HHLT0,사직,한화,롯데,canceled,nan,,,,nan,nan
20210714NCKT0,수원,NC,KT,canceled,nan,,,,nan,nan
20210714SSHT0,광주,삼성,KIA,canceled,nan,,,,nan,nan
20210715WOLG0,잠실,키움,LG,canceled,nan,,,,nan,nan
20210715OBSK0,문학,두산,SSG,canceled,nan,,,,nan,nan
20210715HHLT0,사직,한화,롯데,canceled,nan,,,,nan,nan
20210715NCKT0,수원,NC,KT,canceled,nan,,,,nan,nan
20210715SSHT0,광주,삼성,KIA,canceled,nan,,,,nan,nan
20210716LGHH0,한밭,LG,한화,canceled,nan,,,,nan,nan
20210716KTOB0,잠실,KT,두산,canceled,nan,,,,nan,nan
20210716SKLT0,사직,SSG,롯데,canceled,nan,,,,nan,nan
20210716WOSS0,대구,키움,삼성,canceled,nan,,,,nan,nan
20210716HTNC0,창원,KIA,NC,canceled,nan,,,,nan,nan
20210717LGHH0,한밭,LG,한화,canceled,nan,,,,nan,nan
20210717KTOB0,잠실,KT,두산,canceled,nan,,,,nan,nan
20210717SKLT0,사직,SSG,롯데,canceled,nan,,,,nan,nan
20210717WOSS0,대구,키움,삼성,canceled,nan,,,,nan,nan
20210717HTNC0,창원,KIA,NC,canceled,nan,,,,nan,nan
20210718LGHH0,한밭,LG,한화,canceled,nan,,,,nan,nan
20210718KTOB0,잠실,KT,두산,canceled,nan,,,,nan,nan
20210718SKLT0,사직,SSG,롯데,canceled,nan,,,,nan,nan
20210718WOSS0,대구,키움,삼성,canceled,nan,,,,nan,nan
20210718HTNC0,창원,KIA,NC,canceled,nan,,,,nan,nan
20210810SKLG0,잠실,SSG,LG,finished,0,18:30,21:20,2:50,0,4
20210810OBSS0,잠실,두산,삼성,canceled,nan,,,,nan,nan
20210810LTNC0,창원,롯데,NC,finished,0,18:31,21:30,2:59,5,2
20210810HHHT0,광주,한화,KIA,finished,836,18:30,21:52,3:22,1,4
20210810KTWO0,고척,KT,키움,finished,0,18:30,21:15,2:45,1,3
20210811SKLG0,잠실,SSG,LG,finished,0,18:30,21:36,3:06,5,12
20210811OBSS0,대구,두산,삼성,finished,2433,18:30,22:00,3:30,8,6
20210811LTNC0,창원,롯데,NC,finished,0,18:30,21:48,3:18,5,4
20210811HHHT0,광주,한화,KIA,finished,1853,18:30,21:57,3:27,7,7
20210811KTWO0,고척,KT,키움,finished,0,18:29,21:43,3:14,1,4
20210812SKLG0,잠실,SSG,LG,canceled,nan,,,,nan,nan
20210812OBSS0,대구,두산,삼성,finished,2489,18:54,21:40,2:46,2,9
20210812LTNC0,창원,롯데,NC,finished,0,18:30,21:32,3:02,4,5
20210812HHHT0,창원,한화,KIA,canceled,nan,,,,nan,nan
20210812KTWO0,고척,KT,키움,finished,0,18:30,22:00,3:30,4,6
20210813NCHH0,한밭,NC,한화,finished,0,18:29,21:16,2:47,5,1
20210813LTLG0,잠실,롯데,LG,finished,0,18:30,20:47,2:17,2,0
20210813HTSK0,문학,KIA,SSG,finished,0,18:30,21:27,2:57,8,1
20210813SSKT0,수원,삼성,KT,finished,0,18:31,21:58,3:27,6,7
20210813OBWO0,고척,두산,키움,finished,0,18:30,22:08,3:38,16,9
20210814NCHH0,한밭,NC,한화,finished,0,18:00,21:49,3:49,9,9
20210814LTLG0,잠실,롯데,LG,finished,0,18:00,21:21,3:21,4,3
20210814HTSK0,문학,KIA,SSG,finished,0,17:59,20:48,2:49,2,2
20210814SSKT0,수원,삼성,KT,finished,0,18:00,21:03,3:03,4,8
20210814OBWO0,고척,두산,키움,finished,0,18:00,20:57,2:57,1,5
20210815NCHH0,한밭,NC,한화,finished,0,17:00,20:38,3:38,3,3
20210815LTLG0,잠실,롯데,LG,finished,0,17:00,19:59,2:59,1,7
20210815HTSK0,문학,KIA,SSG,finished,0,17:00,20:05,3:05,5,10
20210815SSKT0,수원,삼성,KT,finished,0,17:00,20:12,3:12,4,6
20210815OBWO0,고척,두산,키움,finished,0,17:00,19:28,2:28,1,8
20210817SSHH0,한밭,삼성,한화,finished,0,18:29,21:25,2:56,2,4
20210817HTOB0,한밭,KIA,두산,canceled,nan,,,,nan,nan
20210817NCSK0,한밭,NC,SSG,canceled,nan,,,,nan,nan
20210817WOLT0,사직,키움,롯데,finished,0,18:30,21:02,2:32,0,1
20210817LGKT0,수원,LG,KT,finished,0,18:30,21:47,3:17,5,5
20210818SSHH0,한밭,삼성,한화,finished,0,18:29,22:30,3:05,6,2
20210818HTOB0,잠실,KIA,두산,finished,0,18:31,21:25,2:54,7,3
20210818NCSK0,문학,NC,SSG,finished,0,18:30,21:18,2:48,1,6
20210818WOLT0,사직,키움,롯데,finished,0,18:30,21:07,2:37,0,3
20210818LGKT0,수원,LG,KT,finished,0,18:31,21:13,2:42,1,8
20210819SSHH0,한밭,삼성,한화,finished,0,18:30,21:52,3:22,11,3
20210819HTOB0,잠실,KIA,두산,finished,0,18:30,21:52,3:22,5,5
20210819NCSK0,문학,NC,SSG,finished,0,18:31,21:56,3:25,8,5
20210819WOLT0,문학,키움,롯데,canceled,nan,,,,nan,nan
20210819LGKT0,수원,LG,KT,finished,0,18:31,21:26,2:55,1,0
20210820HHOB0,잠실,한화,두산,finished,0,18:31,21:53,3:22,1,9
20210820KTLT0,사직,KT,롯데,finished,0,18:30,21:59,3:29,5,4
20210820SKSS0,대구,SSG,삼성,finished,2504,18:30,21:14,2:44,2,3
20210820WOHT0,광주,키움,KIA,finished,1157,18:30,21:13,2:43,2,3
20210820LGNC0,창원,LG,NC,finished,0,19:01,22:24,3:23,3,8
20210821HHOB0,잠실,한화,두산,finished,0,18:01,21:35,3:09,3,1
20210821KTLT0,잠실,KT,롯데,canceled,nan,,,,nan,nan
20210821SKSS0,잠실,SSG,삼성,canceled,nan,,,,nan,nan
20210821LGNC0,잠실,LG,NC,canceled,nan,,,,nan,nan
20210821WOHT0,잠실,키움,KIA,canceled,nan,,,,nan,nan
20210822HHOB0,잠실,한화,두산,finished,0,17:01,20:06,3:05,11,3
20210822KTLT0,사직,KT,롯데,finished,0,17:00,20:12,3:12,3,1
20210822SKSS0,대구,SSG,삼성,finished,4433,17:00,19:51,2:51,4,4
20210822LGNC0,창원,LG,NC,finished,0,17:01,20:06,3:05,3,4
20210822WOHT0,광주,키움,KIA,finished,1340,17:01,20:14,3:13,6,1
20210823HHOB0,잠실,한화,두산,canceled,nan,,,,nan,nan
20210823KTLT0,사직,KT,롯데,finished,0,18:30,21:46,2:20,2,6
20210823SKSS0,사직,SSG,삼성,canceled,nan,,,,nan,nan
20210823LGNC0,사직,LG,NC,canceled,nan,,,,nan,nan
20210823WOHT0,사직,키움,KIA,canceled,nan,,,,nan,nan
20210824HHOB0,잠실,한화,두산,finished,0,18:54,22:28,3:34,8,11
20210824KTLT0,잠실,KT,롯데,canceled,nan,,,,nan,nan
20210824SKSS0,대구,SSG,삼성,finished,852,18:45,22:50,4:05,8,9
20210824LGNC0,대구,LG,NC,canceled,nan,,,,nan,nan
20210824WOHT0,광주,키움,KIA,finished,379,18:44,21:56,3:12,8,2
20210825SSLG0,잠실,삼성,LG,finished,0,18:30,21:30,3:00,3,3
20210825OBNC0,잠실,두산,NC,canceled,nan,,,,nan,nan
20210825SKKT0,수원,SSG,KT,finished,0,18:31,21:15,2:44,1,7
20210825LTHT0,광주,롯데,KIA,finished,579,18:30,23:45,4:11,6,11
20210825HHWO0,고척,한화,키움,finished,0,18:30,21:55,3:25,7,2
20210826SSLG0,잠실,삼성,LG,finished,0,18:30,21:39,3:09,3,4
20210826SKKT0,수원,SSG,KT,finished,0,18:30,21:34,3:04,5,10
20210826LTHT0,광주,롯데,KIA,finished,1131,18:31,22:30,3:59,3,3
20210826HHWO0,고척,한화,키움,finished,0,18:31,21:50,3:19,4,4
20210826OBNC1,창원,두산,NC,finished,0,15:01,18:06,3:05,7,0
20210826OBNC2,창원,두산,NC,finished,0,18:35,22:01,3:26,5,3
20210827SSLG0,잠실,삼성,LG,finished,0,18:30,21:11,2:41,1,3
20210827SKKT0,수원,SSG,KT,finished,0,18:30,21:41,3:11,4,6
20210827LTHT0,수원,롯데,KIA,canceled,nan,,,,nan,nan
20210827HHWO0,고척,한화,키움,finished,0,18:30,21:58,3:28,3,4
20210827OBNC0,창원,두산,NC,finished,0,19:02,22:04,2:29,2,4
20210828NCHH0,한밭,NC,한화,finished,0,18:00,20:50,2:50,1,9
20210828WOLG0,잠실,키움,LG,finished,0,18:00,20:45,2:45,2,3
20210828HTSK0,문학,KIA,SSG,finished,0,18:00,20:57,2:57,4,12
20210828OBLT0,사직,두산,롯데,finished,0,18:00,21:53,3:53,10,10
20210828SSKT0,수원,삼성,KT,finished,0,18:00,21:17,3:17,6,5
20210829NCHH0,한밭,NC,한화,finished,0,17:00,19:58,2:58,2,3
20210829WOLG0,잠실,키움,LG,finished,0,17:00,19:54,2:54,2,11
20210829HTSK0,문학,KIA,SSG,finished,0,17:01,19:35,2:34,0,9
20210829OBLT0,사직,두산,롯데,finished,0,16:59,19:56,2:57,2,4
20210829SSKT0,수원,삼성,KT,finished,0,17:00,20:02,3:02,3,8
20210831KTHH0,한밭,KT,한화,finished,0,18:30,21:32,3:02,2,5
20210831HTOB0,한밭,KIA,두산,canceled,nan,,,,nan,nan
20210831NCSK0,한밭,NC,SSG,canceled,nan,,,,nan,nan
20210831LGLT0,사직,LG,롯데,finished,0,18:31,21:49,3:18,9,4
20210831WOSS0,대구,키움,삼성,finished,1495,18:30,21:18,2:48,2,3
20210901KTHH0,한밭,KT,한화,finished,227,18:30,22:31,3:20,8,3
20210901LGLT0,한밭,LG,롯데,canceled,nan,,,,nan,nan
20210901HTOB1,잠실,KIA,두산,finished,0,15:00,17:54,2:54,0,5
20210901NCSK1,문학,NC,SSG,finished,0,15:00,18:03,3:03,9,2
20210901WOSS1,대구,키움,삼성,finished,580,15:00,17:59,2:27,1,7
20210901HTOB2,잠실,KIA,두산,finished,0,18:30,21:40,3:10,3,2
20210901NCSK2,문학,NC,SSG,finished,0,18:34,22:17,3:43,4,9
20210901WOSS2,문학,키움,삼성,canceled,nan,,,,nan,nan
20210902NCLG0,잠실,NC,LG,finished,0,18:30,21:17,2:47,0,5
20210902OBSK0,문학,두산,SSG,finished,0,18:30,21:34,3:04,1,10
20210902HHLT0,문학,한화,롯데,canceled,nan,,,,nan,nan
20210902SSHT0,광주,삼성,KIA,finished,555,18:30,21:07,2:37,5,1
20210902KTWO0,고척,KT,키움,finished,0,18:30,21:28,2:58,0,1
20210903NCLG0,잠실,NC,LG,finished,0,18:30,21:53,3:23,5,2
20210903OBSK0,문학,두산,SSG,finished,0,18:30,21:09,2:39,1,3
20210903SSHT0,광주,삼성,KIA,finished,887,18:30,22:54,3:14,9,3
20210903KTWO0,고척,KT,키움,finished,0,18:30,21:17,2:47,11,1
20210903HHLT1,사직,한화,롯데,finished,0,15:00,18:01,3:01,3,6
20210903HHLT2,사직,한화,롯데,finished,0,18:30,21:38,3:08,0,2
20210904HTHH0,한밭,KIA,한화,finished,1647,17:00,20:30,3:30,2,6
20210904KTLG0,잠실,KT,LG,finished,0,17:00,19:47,2:47,11,1
20210904OBSS0,대구,두산,삼성,finished,4769,17:00,20:22,3:22,4,11
20210904LTNC0,창원,롯데,NC,finished,2368,17:01,19:58,2:57,8,2
20210904SKWO0,고척,SSG,키움,finished,0,17:00,19:44,2:44,2,9
20210905HTHH0,한밭,KIA,한화,finished,1618,13:59,17:30,3:31,5,5
20210905KTLG0,잠실,KT,LG,finished,0,14:00,16:52,2:52,11,0
20210905OBSS0,대구,두산,삼성,finished,4795,14:00,17:27,3:27,6,5
20210905LTNC0,창원,롯데,NC,finished,2407,14:02,17:08,3:06,3,9
20210905SKWO0,고척,SSG,키움,finished,0,14:01,17:43,3:42,8,10
20210907WOOB0,잠실,키움,두산,canceled,nan,,,,nan,nan
20210907LGSK0,문학,LG,SSG,canceled,nan,,,,nan,nan
20210907LTSS0,대구,롯데,삼성,finished,1466,18:30,21:45,3:15,4,2
20210907HHNC0,창원,한화,NC,finished,534,18:32,21:34,3:02,4,16
20210907HTKT0,창원,KIA,KT,canceled,nan,,,,nan,nan
20210908WOOB0,잠실,키움,두산,finished,0,18:30,21:44,3:14,1,7
20210908LGSK0,문학,LG,SSG,finished,0,18:29,22:34,4:05,3,5
20210908LTSS0,대구,롯데,삼성,finished,2463,18:30,21:46,3:16,5,4
20210908HHNC0,창원,한화,NC,finished,680,18:31,21:29,2:58,3,1
20210908HTKT0,수원,KIA,KT,finished,0,18:31,22:02,3:31,5,5
20210909HHLG0,잠실,한화,LG,finished,0,18:30,21:39,3:09,1,8
20210909SKLT0,사직,SSG,롯데,finished,1390,18:30,22:01,3:31,9,2
20210909KTSS0,대구,KT,삼성,finished,1478,18:30,22:13,3:43,7,8
20210909OBNC0,창원,두산,NC,finished,705,18:31,21:21,2:50,6,2
20210909HTWO0,고척,KIA,키움,finished,0,18:30,21:45,3:15,3,5
20210910HHLG0,잠실,한화,LG,finished,0,18:30,21:09,2:39,0,2
20210910SKLT0,사직,SSG,롯데,finished,1550,18:30,21:04,2:34,3,4
20210910KTSS0,대구,KT,삼성,finished,2873,18:30,21:53,3:23,2,2
20210910HTWO0,고척,KIA,키움,finished,0,18:30,21:35,3:05,3,4
20210910OBNC0,창원,두산,NC,finished,966,19:01,21:54,2:53,8,1
20210911SSHH0,한밭,삼성,한화,finished,2428,17:00,20:21,3:21,5,4
20210911LGOB0,잠실,LG,두산,finished,0,17:01,20:41,3:40,5,5
20210911WOLT0,사직,키움,롯데,finished,3031,17:00,21:11,4:11,13,7
20210911SKKT0,수원,SSG,KT,finished,0,17:01,20:22,3:21,2,2
20210911NCHT0,광주,NC,KIA,finished,1178,17:00,20:14,3:14,3,5
20210912SSHH1,한밭,삼성,한화,finished,1954,14:00,16:44,2:44,3,3
20210912LGOB1,잠실,LG,두산,finished,0,14:00,17:53,3:53,5,8
20210912WOLT1,사직,키움,롯데,finished,2558,14:00,17:12,3:12,8,3
20210912SKKT1,수원,SSG,KT,finished,0,14:00,16:51,2:51,0,10
20210912NCHT1,광주,NC,KIA,finished,1170,14:00,17:00,3:00,8,2
20210912SSHH2,한밭,삼성,한화,finished,1400,17:16,21:14,3:58,6,6
20210912LGOB2,잠실,LG,두산,finished,0,18:24,21:49,3:25,5,8
20210912WOLT2,사직,키움,롯데,finished,1942,17:43,20:32,2:49,2,3
20210912SKKT2,수원,SSG,KT,finished,0,17:21,20:11,2:50,2,3
20210912NCHT2,광주,NC,KIA,finished,975,17:30,20:55,3:25,3,0
20210914KTOB0,잠실,KT,두산,finished,0,18:29,21:50,3:21,4,3
20210914HHSK0,문학,한화,SSG,finished,0,18:30,21:48,3:18,11,5
20210914LGSS0,대구,LG,삼성,finished,2163,18:30,21:59,3:29,3,3
20210914WONC0,창원,키움,NC,finished,516,18:31,21:51,3:20,8,10
20210914LTHT0,광주,롯데,KIA,finished,533,18:29,21:40,3:11,8,7
20210915KTOB0,잠실,KT,두산,finished,0,18:30,21:46,3:16,2,6
20210915HHSK0,문학,한화,SSG,finished,0,18:30,22:19,3:49,6,9
20210915LGSS0,대구,LG,삼성,finished,2214,18:30,22:13,3:43,5,2
20210915WONC0,창원,키움,NC,finished,728,18:31,21:58,3:27,2,13
20210915LTHT1,광주,롯데,KIA,finished,389,14:59,18:11,3:12,6,3
20210915LTHT2,광주,롯데,KIA,finished,618,18:41,22:07,3:26,3,5
20210916SKOB0,잠실,SSG,두산,finished,0,18:30,21:42,3:12,3,3
20210916HTSS0,대구,KIA,삼성,finished,1710,18:30,21:49,3:19,6,5
20210916LGNC0,창원,LG,NC,finished,690,18:31,22:26,3:06,0,2
20210916LTKT0,수원,롯데,KT,finished,0,18:30,21:45,3:15,4,7
20210916HHWO0,고척,한화,키움,finished,0,18:30,22:00,3:30,8,8
20210917SKOB0,잠실,SSG,두산,finished,0,18:30,21:32,3:02,2,7
20210917HTSS0,대구,KIA,삼성,finished,2570,18:30,21:49,3:19,3,6
20210917LGNC0,창원,LG,NC,finished,850,18:31,21:31,3:00,4,6
20210917LTKT0,수원,롯데,KT,finished,0,18:30,21:34,3:04,2,0
20210917HHWO0,고척,한화,키움,finished,0,18:30,21:44,3:14,15,5
20210917LGNC1,고척,LG,NC,canceled,nan,,,,nan,nan
20210918LTHH0,한밭,롯데,한화,finished,2112,17:00,20:29,3:29,2,13
20210918HTLG0,잠실,KIA,LG,finished,0,17:00,20:05,3:05,9,6
20210918SSSK0,문학,삼성,SSG,finished,0,17:00,19:58,2:58,9,4
20210918KTNC0,창원,KT,NC,finished,2208,17:02,20:07,3:05,8,1
20210918OBWO0,고척,두산,키움,finished,0,17:00,20:29,3:29,3,3
20210919LTHH0,한밭,롯데,한화,finished,2307,14:00,17:13,3:13,3,1
20210919HTLG0,잠실,KIA,LG,finished,0,14:00,16:38,2:38,3,4
20210919SSSK0,문학,삼성,SSG,finished,0,14:00,16:56,2:56,4,4
20210919KTNC0,창원,KT,NC,finished,2286,14:01,17:33,3:32,8,2
20210919OBWO0,고척,두산,키움,finished,0,14:00,16:51,2:51,6,0
20210921LGHH0,한밭,LG,한화,finished,2187,14:00,17:38,3:38,6,15
20210921NCOB0,잠실,NC,두산,finished,0,14:00,16:55,2:55,2,12
20210921WOSK0,문학,키움,SSG,finished,0,14:01,17:37,3:36,10,13
20210921SSLT0,사직,삼성,롯데,finished,2333,14:01,17:37,3:36,11,9
20210921KTHT0,광주,KT,KIA,finished,1484,14:00,17:02,3:02,11,5
20210922LGHH0,한밭,LG,한화,finished,2585,14:00,17:51,3:51,12,3
20210922NCOB0,잠실,NC,두산,finished,0,14:00,17:09,3:09,0,8
20210922WOSK0,문학,키움,SSG,finished,0,14:00,17:43,3:43,7,7
20210922SSLT0,사직,삼성,롯데,finished,5058,14:40,18:18,3:38,8,17
20210922KTHT0,광주,KT,KIA,finished,1437,14:01,16:32,2:31,2,7
20210923SSLG0,잠실,삼성,LG,finished,0,18:30,21:36,3:06,7,4
20210923LTSK0,문학,롯데,SSG,finished,0,18:31,22:18,3:47,8,9
20210923HHKT0,수원,한화,KT,finished,0,18:30,21:28,2:58,1,3
20210923OBHT0,광주,두산,KIA,finished,840,18:30,21:55,3:25,3,1
20210923NCWO0,고척,NC,키움,finished,0,18:30,21:26,2:56,1,4
20210924SSLG0,잠실,삼성,LG,finished,0,18:30,21:27,2:57,3,11
20210924HHKT0,수원,한화,KT,finished,0,18:31,21:31,3:00,4,1
20210924OBHT0,광주,두산,KIA,finished,883,18:29,21:42,3:13,8,2
20210924NCWO0,고척,NC,키움,finished,0,18:30,21:51,3:21,2,3
20210924LTSK1,문학,롯데,SSG,finished,0,15:00,18:27,3:27,4,9
20210924LTSK2,문학,롯데,SSG,finished,0,18:58,23:02,4:04,6,6
20210925HHOB0,잠실,한화,두산,finished,0,17:00,20:13,3:13,5,1
20210925NCSS0,대구,NC,삼성,finished,6428,17:00,19:38,2:38,0,1
20210925LGKT0,수원,LG,KT,finished,0,17:00,19:41,2:41,0,0
20210925SKHT0,광주,SSG,KIA,finished,1925,17:00,20:03,3:03,1,7
20210925LTWO0,고척,롯데,키움,finished,0,17:00,20:54,3:54,12,6
20210926HHOB0,잠실,한화,두산,finished,0,14:00,17:02,3:02,3,5
20210926NCSS0,대구,NC,삼성,finished,5739,14:00,16:44,2:44,0,1
20210926LGKT0,수원,LG,KT,finished,0,14:00,16:57,2:57,4,0
20210926SKHT0,광주,SSG,KIA,finished,1809,14:00,17:27,3:27,5,6
20210926LTWO0,고척,롯데,키움,finished,0,14:00,17:05,3:05,2,11
20210928WOHH0,한밭,키움,한화,finished,919,18:30,21:42,3:12,1,1
20210928LTLG0,잠실,롯데,LG,finished,0,18:59,22:11,3:12,2,5
20210928SKSS0,대구,SSG,삼성,finished,2389,18:30,21:33,3:03,7,2
20210928HTNC0,창원,KIA,NC,finished,893,18:31,22:04,3:33,9,10
20210928OBKT0,수원,두산,KT,finished,0,18:31,21:23,2:43,1,5
20210929WOHH0,한밭,키움,한화,canceled,nan,,,,nan,nan
20210929LTLG0,잠실,롯데,LG,canceled,nan,,,,nan,nan
20210929SKSS0,대구,SSG,삼성,canceled,nan,,,,nan,nan
20210929OBKT0,수원,두산,KT,finished,0,18:31,21:21,2:50,8,3
20210929HTNC1,창원,KIA,NC,finished,447,15:01,18:26,1:46,1,4
20210929HTNC2,창원,KIA,NC,canceled,nan,,,,nan,nan
20210930OBLG0,잠실,두산,LG,finished,0,18:30,22:21,3:51,4,12
20210930KTLT0,사직,KT,롯데,finished,1151,18:30,21:51,3:21,4,8
20210930HHSS0,대구,한화,삼성,finished,2676,18:30,21:23,2:53,2,6
20210930SKNC0,창원,SSG,NC,finished,796,18:31,21:20,2:49,2,6
20210930WOHT0,광주,키움,KIA,finished,543,18:30,21:30,3:00,2,0
20211001OBLG0,잠실,두산,LG,finished,0,18:31,21:26,2:55,2,0
20211001HHSS0,대구,한화,삼성,finished,5966,18:30,21:24,2:54,8,2
20211001WOHT0,광주,키움,KIA,finished,855,18:30,21:00,2:30,0,6
20211001SKNC0,창원,SSG,NC,finished,1374,19:01,22:51,3:50,3,3
20211001KTLT1,사직,KT,롯데,finished,930,15:00,17:59,2:59,3,4
20211001KTLT2,사직,KT,롯데,finished,1340,18:30,21:33,3:03,2,3
20211002SSOB0,잠실,삼성,두산,finished,0,17:00,19:44,2:44,0,6
20211002KTSK0,문학,KT,SSG,finished,0,17:00,20:16,3:16,2,2
20211002NCLT0,사직,NC,롯데,finished,3771,17:00,20:08,3:08,4,4
20211002HHHT0,광주,한화,KIA,finished,1891,17:00,20:41,3:41,4,4
20211002LGWO0,고척,LG,키움,finished,0,17:01,20:28,3:27,10,3
20211003SSOB0,잠실,삼성,두산,finished,0,14:00,17:49,3:49,13,9
20211003KTSK0,문학,KT,SSG,finished,0,13:59,17:57,3:58,8,6
20211003NCLT0,사직,NC,롯데,finished,3986,14:00,17:38,3:38,7,11
20211003HHHT0,광주,한화,KIA,finished,1810,14:00,17:59,3:59,6,9
20211003LGWO0,고척,LG,키움,finished,0,14:00,17:30,3:30,3,3
20211005OBHH0,한밭,두산,한화,finished,1033,18:30,21:51,3:21,3,4
20211005SKLG0,잠실,SSG,LG,finished,0,18:30,21:29,2:59,8,0
20211005HTLT0,사직,KIA,롯데,finished,1867,18:30,21:56,3:26,3,13
20211005NCKT0,수원,NC,KT,finished,0,18:31,21:55,3:24,4,4
20211005SSWO0,고척,삼성,키움,finished,0,18:30,21:20,2:50,2,8
20211006OBHH0,한밭,두산,한화,finished,1052,18:31,22:05,3:34,4,3
20211006HTLT0,사직,KIA,롯데,finished,3885,18:30,21:39,3:09,4,2
20211006NCKT0,수원,NC,KT,finished,0,18:30,21:36,3:06,4,2
20211006SSWO0,고척,삼성,키움,finished,0,18:30,21:34,3:04,9,3
20211006SKLG1,잠실,SSG,LG,finished,0,15:00,17:56,2:56,1,4
20211006SKLG2,잠실,SSG,LG,finished,0,18:29,21:42,3:13,11,3
20211007SKHH0,한밭,SSG,한화,finished,642,18:30,22:26,3:56,3,4
20211007LTOB0,잠실,롯데,두산,finished,0,18:30,22:04,3:34,7,2
20211007SSNC0,창원,삼성,NC,finished,1067,18:31,21:55,3:24,5,4
20211007WOKT0,수원,키움,KT,finished,0,18:30,21:13,2:43,2,9
20211007LGHT0,광주,LG,KIA,finished,820,18:30,21:02,2:32,8,1
20211008SKHH0,한밭,SSG,한화,finished,1211,18:30,22:03,3:33,7,3
20211008LTOB0,잠실,롯데,두산,finished,0,18:30,21:44,3:14,5,14
20211008WOKT0,잠실,키움,KT,canceled,nan,,,,nan,nan
20211008LGHT0,광주,LG,KIA,finished,1249,18:30,21:25,2:55,2,2
20211008SSNC0,창원,삼성,NC,finished,1885,19:01,21:53,2:52,0,6
20211009HTHH0,한밭,KIA,한화,finished,2707,17:00,20:28,3:28,6,4
20211009KTLG0,잠실,KT,LG,finished,0,17:00,20:15,3:15,1,6
20211009LTSK0,문학,롯데,SSG,finished,0,17:01,19:32,2:31,0,2
20211010KTLG0,잠실,KT,LG,canceled,nan,,,,nan,nan
20211010OBNC0,창원,두산,NC,finished,2856,14:01,17:07,3:06,1,5
20211010HTHH1,한밭,KIA,한화,finished,2333,14:00,17:08,3:08,3,1
20211010HTHH2,한밭,KIA,한화,finished,1641,17:39,21:16,3:07,5,0
20211011KTLG0,잠실,KT,LG,finished,0,14:00,17:43,3:43,4,2
20211012KTOB0,잠실,KT,두산,finished,0,18:29,22:08,3:39,1,4
20211012LGSK0,문학,LG,SSG,finished,0,18:31,22:05,3:34,4,4
20211012SSHT0,광주,삼성,KIA,finished,535,18:30,21:17,2:47,2,1
20211012NCWO0,고척,NC,키움,finished,0,18:30,21:36,3:06,2,13
20211013KTOB0,잠실,KT,두산,finished,0,18:30,21:46,3:16,3,5
20211013LGLT0,사직,LG,롯데,finished,1629,18:31,22:12,3:41,4,4
20211013SSHT0,광주,삼성,KIA,finished,862,18:30,21:33,3:03,5,3
20211013NCWO0,고척,NC,키움,finished,0,18:30,21:01,2:31,2,8
20211014KTOB0,잠실,KT,두산,finished,0,18:30,22:10,3:40,6,2
20211014LGLT0,사직,LG,롯데,finished,1663,18:30,22:19,3:49,13,3
20211014SSHT0,광주,삼성,KIA,finished,727,18:30,21:16,2:46,2,5
20211014NCWO0,고척,NC,키움,finished,0,18:30,21:33,3:03,8,4
20211015NCOB0,잠실,NC,두산,finished,0,18:31,21:09,2:38,5,0
20211015LGLT0,사직,LG,롯데,finished,1850,18:30,21:42,3:12,2,4
20211015WOSS0,대구,키움,삼성,finished,2745,18:47,21:24,1:50,2,0
20211015HTKT0,수원,KIA,KT,finished,0,18:30,22:29,3:59,7,7
20211016HTOB0,잠실,KIA,두산,finished,0,17:00,20:37,3:31,6,4
20211016SKLT0,사직,SSG,롯데,finished,2336,17:01,20:58,3:57,8,4
20211016LGNC0,창원,LG,NC,finished,2317,17:00,20:07,3:07,1,2
20211016HHKT0,수원,한화,KT,finished,0,17:01,20:08,3:07,2,11
20211016WOSS1,대구,키움,삼성,finished,4418,14:00,17:24,3:24,5,7
20211016WOSS2,대구,키움,삼성,finished,4174,17:55,20:56,3:01,4,5
20211017WOSS0,대구,키움,삼성,finished,5668,14:00,16:43,2:43,3,6
20211017HHKT0,수원,한화,KT,finished,0,14:01,16:53,2:52,2,1
20211017HTOB1,잠실,KIA,두산,finished,0,14:00,17:46,3:46,3,3
20211017SKLT1,사직,SSG,롯데,finished,2257,14:00,17:32,3:32,14,4
20211017LGNC1,창원,LG,NC,finished,2282,14:02,17:16,3:14,11,1
20211017HTOB2,잠실,KIA,두산,finished,0,18:16,21:19,3:03,2,5
20211017SKLT2,사직,SSG,롯데,finished,1264,18:02,21:06,3:04,0,3
20211017LGNC2,창원,LG,NC,finished,1175,17:47,21:03,3:16,1,0
20211019WOLG0,잠실,키움,LG,finished,1624,18:30,21:44,3:14,5,4
20211019OBSS0,대구,두산,삼성,finished,2750,18:30,21:45,3:15,5,0
20211019KTNC0,창원,KT,NC,finished,764,18:31,21:43,3:12,2,4
20211019SKHT0,광주,SSG,KIA,finished,595,18:29,21:35,3:06,4,5
20211020WOLG0,잠실,키움,LG,finished,1606,18:31,22:11,3:40,6,5
20211020NCSK0,문학,NC,SSG,finished,956,18:30,22:12,3:42,7,7
20211020KTHT0,광주,KT,KIA,finished,688,18:30,21:05,2:35,0,3
20211021WOLG0,잠실,키움,LG,finished,1617,18:31,22:20,3:49,5,5
20211021OBSK0,문학,두산,SSG,finished,1253,18:31,21:52,3:21,1,7
20211021HHHT0,광주,한화,KIA,finished,963,18:30,21:44,3:14,13,2
20211022OBSK0,문학,두산,SSG,finished,1631,18:31,22:11,3:40,6,12
20211022HHLT0,사직,한화,롯데,finished,1429,18:30,21:03,2:33,0,1
20211022KTSS0,대구,KT,삼성,finished,5866,18:30,21:04,2:34,2,4
20211022HTNC0,창원,KIA,NC,finished,1079,19:01,22:09,3:08,5,3
20211023LGOB0,잠실,LG,두산,finished,3593,17:00,21:19,4:19,3,3
20211023HHLT0,사직,한화,롯데,finished,3051,17:01,21:47,4:46,15,15
20211023KTSS0,대구,KT,삼성,finished,8512,17:00,19:39,2:39,0,4
20211023HTNC1,창원,KIA,NC,finished,1579,14:01,17:04,3:03,7,4
20211023HTNC2,창원,KIA,NC,finished,1472,17:35,20:39,3:04,2,5
20211024HHLT0,사직,한화,롯데,finished,3167,13:59,17:05,3:06,2,3
20211024SKSS0,대구,SSG,삼성,finished,8576,14:00,16:51,2:51,3,3
20211024HTNC0,창원,KIA,NC,finished,1712,14:01,16:58,2:57,1,4
20211024WOKT0,수원,키움,KT,finished,2145,14:01,16:51,2:50,1,7
20211024LGOB1,잠실,LG,두산,finished,2862,14:00,17:50,3:50,4,5
20211024LGOB2,잠실,LG,두산,finished,3254,18:25,22:05,3:40,3,3
20211025WOHH0,한밭,키움,한화,finished,1014,18:30,22:07,3:37,9,4
20211025LTLG0,잠실,롯데,LG,finished,3249,18:30,21:57,3:27,4,4
20211026LGHH0,한밭,LG,한화,finished,1011,18:30,21:15,2:45,4,0
20211026WOOB0,잠실,키움,두산,finished,2293,18:30,21:34,3:04,2,7
20211026SKNC0,창원,SSG,NC,finished,1091,18:31,22:18,3:47,7,5
20211027LGHH0,한밭,LG,한화,finished,1125,18:30,21:27,2:57,9,1
20211027OBSK0,문학,두산,SSG,finished,2039,18:31,22:10,3:39,8,5
20211027HTLT0,사직,KIA,롯데,finished,1458,18:30,21:21,2:51,3,2
20211027NCKT0,수원,NC,KT,finished,1564,18:30,22:10,3:40,9,6
20211027SSWO0,고척,삼성,키움,finished,2569,18:30,21:31,3:01,3,8
20211028LGHH0,한밭,LG,한화,finished,1543,18:30,21:57,3:27,1,1
20211028OBSK0,문학,두산,SSG,finished,2515,18:32,21:45,3:13,3,4
20211028HTLT0,사직,KIA,롯데,finished,1462,18:30,21:15,2:45,5,3
20211028NCKT1,수원,NC,KT,finished,622,15:01,18:14,3:13,1,1
20211028NCKT2,수원,NC,KT,finished,1144,18:44,21:35,2:51,2,5
20211029LGLT0,사직,LG,롯데,finished,2556,18:30,21:42,3:12,4,1
20211029OBHT0,광주,두산,KIA,finished,1883,18:30,22:12,3:42,11,5
20211029KTWO0,고척,KT,키움,finished,1495,18:29,21:28,2:59,2,4
20211029SSNC0,창원,삼성,NC,finished,3309,19:00,21:50,2:50,1,3
20211030OBHH0,한밭,두산,한화,finished,3900,17:00,20:24,3:24,5,3
20211030KTSK0,문학,KT,SSG,finished,4484,17:01,20:32,3:31,8,3
20211030LGLT0,사직,LG,롯데,finished,5855,17:00,20:12,3:12,2,4
20211030SSNC0,창원,삼성,NC,finished,5061,17:00,20:17,3:17,11,5
20211030WOHT0,광주,키움,KIA,finished,3831,17:00,20:02,3:02,6,1
20211031KTSS0,대구,KT,삼성,finished,12244,14:00,16:45,2:45,1,0
